type,category,name,symbol,unit,price,change,change_percent,weekly_percent,monthly_percent,ytd_percent,yoy_percent,date,url,scraped_at,market_cap
stock,Major,US500,US500,Index Points,7718.6,-29.1157,-0.38,0.0887,-0.0641,12.7543,19.0867,Sep/04,https://tradingeconomics.com/united-states/stock-market,2026-09-05T12:26:01.142654,
stock,Major,US30,US30,Index Points,53414.0,-271.8629,-0.51,-0.2721,-1.7201,11.1332,17.6503,Sep/04,https://tradingeconomics.com/indu:ind,2026-09-05T12:26:01.142775,
stock,Major,US100,US100,Index Points,29544.0,61.8351,0.21,0.3762,0.1911,17.0073,24.9095,Sep/04,https://tradingeconomics.com/us100:ind,2026-09-05T12:26:01.142864,
stock,Major,JP225,JP225,Index Points,65021.0,806.46,1.26,-2.0851,-1.9299,29.1649,51.1456,Sep/04,https://tradingeconomics.com/japan/stock-market,2026-09-05T12:26:01.142948,
stock,Major,GB100,GB100,Index Points,10832.0,0.2488,0.0,0.0694,-0.5192,9.0661,17.6317,Sep/04,https://tradingeconomics.com/united-kingdom/stock-market,2026-09-05T12:26:01.143027,
stock,Major,DE40,DE40,Index Points,26046.0,43.08,0.17,-1.9706,-0.3058,6.3535,10.3802,Sep/04,https://tradingeconomics.com/germany/stock-market,2026-09-05T12:26:01.143403,
stock,Major,FR40,FR40,Index Points,8279.0,-7.6263,-0.09,-1.4571,-4.5048,1.5862,7.8699,Sep/04,https://tradingeconomics.com/france/stock-market,2026-09-05T12:26:01.143556,
stock,Major,IT40,IT40,Index Points,52100.0,-145.0337,-0.28,-0.9801,-2.5191,15.9216,25.2179,Sep/04,https://tradingeconomics.com/italy/stock-market,2026-09-05T12:26:01.143706,
stock,Major,ES35,ES35,Index Points,20051.0,50.5,0.25,0.0439,-0.0314,15.8478,35.0134,Sep/04,https://tradingeconomics.com/spain/stock-market,2026-09-05T12:26:01.143795,
stock,Major,ASX200,ASX200,Index Points,9006.0,-14.1928,-0.16,-0.9501,-2.405,3.3461,1.518,Sep/04,https://tradingeconomics.com/australia/stock-market,2026-09-05T12:26:01.143874,
stock,Major,SHANGHAI,SHANGHAI,Index Points,3930.0,-11.9679,-0.3,-0.5581,1.3328,-0.9756,3.0847,Sep/04,https://tradingeconomics.com/china/stock-market,2026-09-05T12:26:01.143950,
stock,Major,SENSEX,SENSEX,Index Points,76515.0,362.5684,0.48,-0.9695,-2.6286,-10.2149,-5.198,Sep/04,https://tradingeconomics.com/india/stock-market,2026-09-05T12:26:01.144027,
stock,Major,TSX,TSX,Index Points,36514.0,-119.3211,-0.33,-0.1098,1.0164,15.1391,25.6902,Sep/04,https://tradingeconomics.com/canada/stock-market,2026-09-05T12:26:01.144104,
stock,Major,MOEX,MOEX,Index Points,2253.0,38.65,1.75,6.5477,-2.0959,-18.5501,-22.335,Sep/04,https://tradingeconomics.com/russia/stock-market,2026-09-05T12:26:01.144179,
stock,Major,IBOVESPA,IBOVESPA,Index Points,185147.0,-41.0,-0.02,5.398,4.1754,14.9087,29.8001,Sep/04,https://tradingeconomics.com/brazil/stock-market,2026-09-05T12:26:01.144252,
stock,Major,IPC,IPC,Index Points,64867.0,-569.5502,-0.87,-0.9433,-2.4931,0.9299,7.2534,Sep/04,https://tradingeconomics.com/mexico/stock-market,2026-09-05T12:26:01.144325,
stock,Major,NL30,NL30,Index Points,1114.0,8.8819,0.8,0.1097,0.1942,17.051,23.9041,Sep/04,https://tradingeconomics.com/netherlands/stock-market,2026-09-05T12:26:01.144400,
stock,Major,CH20,CH20,Index Points,14396.0,1.17,0.01,-0.0266,-1.0694,8.5055,16.3725,Sep/04,https://tradingeconomics.com/switzerland/stock-market,2026-09-05T12:26:01.144476,
stock,Major,SAALL,SAALL,Index Points,116726.0,37.9797,0.03,-1.2249,1.1351,0.7714,14.9642,Sep/04,https://tradingeconomics.com/south-africa/stock-market,2026-09-05T12:26:01.144559,
stock,Major,STI,STI,Index Points,5802.0,54.2511,0.94,1.7899,3.9523,24.8751,34.7074,Sep/04,https://tradingeconomics.com/singapore/stock-market,2026-09-05T12:26:01.144638,
stock,Major,HK50,HK50,Index Points,25651.0,437.56,1.74,0.2583,-1.0223,0.0793,0.9162,Sep/04,https://tradingeconomics.com/hong-kong/stock-market,2026-09-05T12:26:01.144712,
stock,Major,NZX 50,NZX 50,Index Points,13974.0,128.0,0.92,1.4962,-0.1643,3.1425,5.6766,Sep/04,https://tradingeconomics.com/new-zealand/stock-market,2026-09-05T12:26:01.144784,
stock,Major,EU50,EU50,Index Points,6401.0,21.75,0.34,-1.3055,-1.1731,10.5258,20.3614,Sep/04,https://tradingeconomics.com/euro-area/stock-market,2026-09-05T12:26:01.144859,
stock,Europe,GB100,GB100,Index Points,10832.0,0.2488,0.0,0.0694,-0.5192,9.0661,17.6317,Sep/04,https://tradingeconomics.com/united-kingdom/stock-market,2026-09-05T12:26:01.145471,
stock,Europe,DE40,DE40,Index Points,26046.0,43.08,0.17,-1.9706,-0.3058,6.3535,10.3802,Sep/04,https://tradingeconomics.com/germany/stock-market,2026-09-05T12:26:01.145545,
stock,Europe,FR40,FR40,Index Points,8279.0,-7.6263,-0.09,-1.4571,-4.5048,1.5862,7.8699,Sep/04,https://tradingeconomics.com/france/stock-market,2026-09-05T12:26:01.145632,
stock,Europe,IT40,IT40,Index Points,52100.0,-145.0337,-0.28,-0.9801,-2.5191,15.9216,25.2179,Sep/04,https://tradingeconomics.com/italy/stock-market,2026-09-05T12:26:01.145758,
stock,Europe,ES35,ES35,Index Points,20051.0,50.5,0.25,0.0439,-0.0314,15.8478,35.0134,Sep/04,https://tradingeconomics.com/spain/stock-market,2026-09-05T12:26:01.145858,
stock,Europe,MOEX,MOEX,Index Points,2253.0,38.65,1.75,6.5477,-2.0959,-18.5501,-22.335,Sep/04,https://tradingeconomics.com/russia/stock-market,2026-09-05T12:26:01.145941,
stock,Europe,NL30,NL30,Index Points,1114.0,8.8819,0.8,0.1097,0.1942,17.051,23.9041,Sep/04,https://tradingeconomics.com/netherlands/stock-market,2026-09-05T12:26:01.146019,
stock,Europe,BIST 100,BIST 100,Index Points,14012.0,79.96,0.57,-4.2969,2.2571,24.4274,30.5973,Sep/04,https://tradingeconomics.com/turkey/stock-market,2026-09-05T12:26:01.146096,
stock,Europe,CH20,CH20,Index Points,14396.0,1.17,0.01,-0.0266,-1.0694,8.5055,16.3725,Sep/04,https://tradingeconomics.com/switzerland/stock-market,2026-09-05T12:26:01.146174,
stock,Europe,Stockholm 30,Stockholm 30,Index Points,3284.0,5.8895,0.18,-1.4164,-1.288,13.9131,25.0293,Sep/04,https://tradingeconomics.com/sweden/stock-market,2026-09-05T12:26:01.146252,
stock,Europe,WIG,WIG,Index Points,153948.0,1878.2938,1.24,1.3361,1.8941,31.31,45.835,Sep/04,https://tradingeconomics.com/poland/stock-market,2026-09-05T12:26:01.146332,
stock,Europe,BE20,BE20,Index Points,5853.0,-26.5147,-0.45,-0.2818,1.3261,15.2431,22.7252,Sep/04,https://tradingeconomics.com/belgium/stock-market,2026-09-05T12:26:01.146427,
stock,Europe,Oslo,Oslo,Index Points,2501.0,-4.13,-0.16,0.5112,5.3617,28.8304,33.8202,Sep/04,https://tradingeconomics.com/norway/stock-market,2026-09-05T12:26:01.146556,
stock,Europe,ATX,ATX,Index Points,6858.0,57.5598,0.85,1.0565,2.3028,28.7618,49.1706,Sep/04,https://tradingeconomics.com/austria/stock-market,2026-09-05T12:26:01.146643,
stock,Europe,Copenhagen,Copenhagen,Index Points,1636.0,-6.0916,-0.37,-0.1501,4.4207,1.7358,5.111,Sep/04,https://tradingeconomics.com/denmark/stock-market,2026-09-05T12:26:01.146737,
stock,Europe,Helsinki,Helsinki,Index Points,13688.0,118.7001,0.87,-0.7618,3.856,10.927,25.2001,Sep/04,https://tradingeconomics.com/hex:ind,2026-09-05T12:26:01.146821,
stock,Europe,Helsinki 25,Helsinki 25,Index Points,6455.0,51.8498,0.81,-0.9166,3.7509,13.1724,29.5626,Sep/04,https://tradingeconomics.com/finland/stock-market,2026-09-05T12:26:01.146910,
stock,Europe,ISEQ,ISEQ,Index Points,14514.0,124.3004,0.86,2.1514,3.5503,10.7986,28.3699,Sep/04,https://tradingeconomics.com/ireland/stock-market,2026-09-05T12:26:01.146992,
stock,Europe,Athens General,Athens General,Index Points,2701.0,9.9101,0.37,0.7974,2.9509,27.379,33.5281,Sep/04,https://tradingeconomics.com/greece/stock-market,2026-09-05T12:26:01.147074,
stock,Europe,PSI Geral,PSI Geral,Index Points,6358.0,-11.4901,-0.18,-0.6368,3.0333,18.4466,25.6227,Sep/04,https://tradingeconomics.com/bvlx:ind,2026-09-05T12:26:01.147152,
stock,Europe,PSI,PSI,Index Points,9389.0,-12.727,-0.14,-0.4468,2.3176,13.6153,21.8646,Sep/04,https://tradingeconomics.com/portugal/stock-market,2026-09-05T12:26:01.147232,
stock,Europe,PX,PX,Index Points,2813.0,-3.25,-0.12,0.2034,1.5818,4.7359,23.1191,Sep/04,https://tradingeconomics.com/czech-republic/stock-market,2026-09-05T12:26:01.147311,
stock,Europe,BET,BET,Index Points,34771.0,426.8789,1.24,-0.6748,-3.6019,42.2781,67.4032,Sep/04,https://tradingeconomics.com/romania/stock-market,2026-09-05T12:26:01.147393,
stock,Europe,BUX,BUX,Index Points,147748.0,-559.2406,-0.38,-1.9371,-0.2283,33.0681,43.1961,Sep/04,https://tradingeconomics.com/hungary/stock-market,2026-09-05T12:26:01.147512,
stock,Europe,PFTS,PFTS,Index Points,480.0,0.0,0.0,11.9847,11.9847,4.1354,3.6922,Sep/04,https://tradingeconomics.com/ukraine/stock-market,2026-09-05T12:26:01.147625,
stock,Europe,SAX,SAX,Index Points,328.0,1.72,0.53,0.5738,-2.1144,11.4864,21.275,Sep/03,https://tradingeconomics.com/slovakia/stock-market,2026-09-05T12:26:01.147713,
stock,Europe,LuxX,LuxX,Index Points,2020.0,14.7,0.73,1.5965,-0.0711,12.5269,25.9884,Sep/04,https://tradingeconomics.com/luxembourg/stock-market,2026-09-05T12:26:01.147798,
stock,Europe,CROBEX,CROBEX,Index Points,4391.0,0.8701,0.02,-0.886,-1.1337,13.8335,17.3684,Sep/04,https://tradingeconomics.com/croatia/stock-market,2026-09-05T12:26:01.147893,
stock,Europe,SOFIX,SOFIX,Index Points,1421.0,9.69,0.69,1.7141,8.3011,22.892,30.6754,Sep/03,https://tradingeconomics.com/bulgaria/stock-market,2026-09-05T12:26:01.148059,
stock,Europe,SBITOP,SBITOP,Index Points,3223.0,22.0999,0.69,0.5281,-0.8745,28.7024,29.5223,Sep/04,https://tradingeconomics.com/slovenia/stock-market,2026-09-05T12:26:01.148146,
stock,Europe,Vilnius,Vilnius,Index Points,1507.0,3.978,0.26,0.3841,0.1367,12.6751,22.3156,Sep/04,https://tradingeconomics.com/lithuania/stock-market,2026-09-05T12:26:01.148236,
stock,Europe,BELEX 15,BELEX 15,Index Points,1374.0,8.25,0.6,0.4517,11.2487,7.7626,12.8419,Sep/04,https://tradingeconomics.com/serbia/stock-market,2026-09-05T12:26:01.148322,
stock,Europe,EU600,EU600,Index Points,649.88,0.78,0.12,-0.8059,-1.1048,9.6326,18.33,Sep/04,https://tradingeconomics.com/stoxx:ind,2026-09-05T12:26:01.148404,
stock,Europe,EU100,EU100,Index Points,1911.0,0.0,0.0,-0.8629,-2.409,11.0328,20.7324,Sep/04,https://tradingeconomics.com/n100:ind,2026-09-05T12:26:01.148486,
stock,Europe,EU50,EU50,Index Points,6401.0,21.75,0.34,-1.3055,-1.1731,10.5258,20.3614,Sep/04,https://tradingeconomics.com/euro-area/stock-market,2026-09-05T12:26:01.148597,
stock,Europe,EU350,EU350,Index Points,2640.28,13.48,0.51,-0.3739,-1.1353,9.814,18.3736,Sep/03,https://tradingeconomics.com/spe350:ind,2026-09-05T12:26:01.148679,
stock,Europe,SASX 10,SASX 10,Index Points,1519.0,0.0,0.0,-0.8362,-1.4812,0.0909,2.8761,Sep/04,https://tradingeconomics.com/bosnia-and-herzegovina/stock-market,2026-09-05T12:26:01.148761,
stock,Europe,CSE General,CSE General,Index Points,319.0,3.2,1.01,0.2863,0.3052,14.715,10.1219,Sep/04,https://tradingeconomics.com/cyprus/stock-market,2026-09-05T12:26:01.148845,
stock,Europe,Tallinn,Tallinn,Index Points,2170.0,23.41,1.09,1.1971,0.718,5.7326,8.0551,Sep/04,https://tradingeconomics.com/estonia/stock-market,2026-09-05T12:26:01.148921,
stock,Europe,Riga,Riga,Index Points,960.0,-4.628,-0.48,0.4953,3.4291,3.7296,4.2127,Sep/04,https://tradingeconomics.com/latvia/stock-market,2026-09-05T12:26:01.149011,
stock,Europe,ICEX,ICEX,Index Points,2088.0,0.74,0.04,-0.8482,1.9514,-3.9877,-0.4867,Sep/04,https://tradingeconomics.com/iceland/stock-market,2026-09-05T12:26:01.149089,
stock,Europe,MBI 10,MBI 10,Index Points,9193.0,6.86,0.07,-0.9213,-0.2091,-8.573,-11.9125,Sep/04,https://tradingeconomics.com/macedonia/stock-market,2026-09-05T12:26:01.149162,
stock,Europe,MSE,MSE,Index Points,4370.0,23.3219,0.54,1.516,5.6115,15.3508,14.5597,Sep/04,https://tradingeconomics.com/malta/stock-market,2026-09-05T12:26:01.149235,
stock,Europe,Monex,Monex,Index Points,18110.39,83.15,0.46,0.4112,3.3815,-3.4353,-0.1854,Sep/04,https://tradingeconomics.com/montenegro/stock-market,2026-09-05T12:26:01.149308,
stock,Europe,DE Mid,DE Mid,Index Points,32382.52,108.8208,0.34,-1.928,-0.0445,5.7642,7.8986,Sep/04,https://tradingeconomics.com/mdax:ind,2026-09-05T12:26:01.149385,
stock,Europe,DE Small,DE Small,Index Points,18734.04,137.0107,0.74,-1.3748,0.9708,9.0791,13.3452,Sep/04,https://tradingeconomics.com/sdax:ind,2026-09-05T12:26:01.149459,
stock,Europe,Euro Stoxx Banks,Euro Stoxx Banks,Index Points,321.19,-0.1668,-0.05,1.4979,0.8458,21.9998,43.5865,Sep/04,https://tradingeconomics.com/sx7e:ind,2026-09-05T12:26:01.149534,
stock,America,US500,US500,Index Points,7718.6,-29.1157,-0.38,0.0887,-0.0641,12.7543,19.0867,Sep/04,https://tradingeconomics.com/united-states/stock-market,2026-09-05T12:26:01.149821,
stock,America,US30,US30,Index Points,53414.0,-271.8629,-0.51,-0.2721,-1.7201,11.1332,17.6503,Sep/04,https://tradingeconomics.com/indu:ind,2026-09-05T12:26:01.149897,
stock,America,US100,US100,Index Points,29544.0,61.8351,0.21,0.3762,0.1911,17.0073,24.9095,Sep/04,https://tradingeconomics.com/us100:ind,2026-09-05T12:26:01.149970,
stock,America,Ecuador General,Ecuador General,Index Points,1791.0,11.36,0.64,0.6382,1.2515,25.1826,35.3705,Sep/02,https://tradingeconomics.com/ecuador/stock-market,2026-09-05T12:26:01.150045,
stock,America,TSX,TSX,Index Points,36514.0,-119.3211,-0.33,-0.1098,1.0164,15.1391,25.6902,Sep/04,https://tradingeconomics.com/canada/stock-market,2026-09-05T12:26:01.150125,
stock,America,IBOVESPA,IBOVESPA,Index Points,185147.0,-41.0,-0.02,5.398,4.1754,14.9087,29.8001,Sep/04,https://tradingeconomics.com/brazil/stock-market,2026-09-05T12:26:01.150202,
stock,America,IPC,IPC,Index Points,64867.0,-569.5502,-0.87,-0.9433,-2.4931,0.9299,7.2534,Sep/04,https://tradingeconomics.com/mexico/stock-market,2026-09-05T12:26:01.150277,
stock,America,Merval,Merval,Index Points,3049122.0,-8971.5,-0.29,2.3377,-3.3967,-0.0818,52.6374,Sep/04,https://tradingeconomics.com/argentina/stock-market,2026-09-05T12:26:01.150361,
stock,America,IBC,IBC,Index Points,5941.0,0.0,0.0,5.6082,15.2481,185.2948,498.3783,Sep/04,https://tradingeconomics.com/venezuela/stock-market,2026-09-05T12:26:01.150440,
stock,America,COLCAP,COLCAP,Index Points,2545.0,10.1,0.4,3.527,8.5193,23.0439,36.5935,Sep/04,https://tradingeconomics.com/colombia/stock-market,2026-09-05T12:26:01.150528,
stock,America,IGPA,IGPA,Index Points,57058.0,0.0,0.0,-1.0309,3.3586,8.2168,23.5219,Sep/04,https://tradingeconomics.com/chile/stock-market,2026-09-05T12:26:01.150665,
stock,America,BVPSI,BVPSI,Index Points,710.0,-7.95,-1.11,-0.7908,0.0127,22.6379,36.1433,Sep/04,https://tradingeconomics.com/panama/stock-market,2026-09-05T12:26:01.150750,
stock,America,BSX,BSX,Index Points,3759.0,-69.09,-1.8,0.2301,-4.7971,17.5694,36.3376,Sep/04,https://tradingeconomics.com/bermuda/stock-market,2026-09-05T12:26:01.150825,
stock,America,JSE,JSE,Index Points,366752.0,-2690.68,-0.73,-1.4445,-2.6459,15.3355,14.3873,Sep/04,https://tradingeconomics.com/jamaica/stock-market,2026-09-05T12:26:01.150910,
stock,America,US1000,US1000,Index Points,4204.38,-15.711,-0.37,0.0802,0.0004,12.6312,18.3942,Sep/04,https://tradingeconomics.com/riy:ind,2026-09-05T12:26:01.150985,
stock,Asia,JP225,JP225,Index Points,65021.0,806.46,1.26,-2.0851,-1.9299,29.1649,51.1456,Sep/04,https://tradingeconomics.com/japan/stock-market,2026-09-05T12:26:01.151484,
stock,Asia,SHANGHAI,SHANGHAI,Index Points,3930.0,-11.9679,-0.3,-0.5581,1.3328,-0.9756,3.0847,Sep/04,https://tradingeconomics.com/china/stock-market,2026-09-05T12:26:01.151583,
stock,Asia,CSI 300,CSI 300,Index Points,4548.0,-4.5286,-0.1,-1.3262,-2.3637,-1.7687,1.9668,Sep/04,https://tradingeconomics.com/shsz300:ind,2026-09-05T12:26:01.151725,
stock,Asia,SHANGHAI 50,SHANGHAI 50,Index Points,2924.0,4.3115,0.15,0.0165,-0.0086,-3.5405,-0.6256,Sep/04,https://tradingeconomics.com/sse50:ind,2026-09-05T12:26:01.151850,
stock,Asia,CH50,CH50,Index Points,14674.58,-0.0001,0.0,-0.674,-2.0129,-4.1398,-1.1102,Sep/04,https://tradingeconomics.com/xin9:ind,2026-09-05T12:26:01.151992,
stock,Asia,SENSEX,SENSEX,Index Points,76515.0,362.5684,0.48,-0.9695,-2.6286,-10.2149,-5.198,Sep/04,https://tradingeconomics.com/india/stock-market,2026-09-05T12:26:01.152078,
stock,Asia,DSE Broad,DSE Broad,Index Points,5662.0,1.68,0.03,0.1133,-3.9368,16.376,0.8516,Sep/03,https://tradingeconomics.com/bangladesh/stock-market,2026-09-05T12:26:01.152167,
stock,Asia,JCI,JCI,Index Points,6636.0,-31.411,-0.47,1.8158,4.4928,-23.2505,-14.5538,Sep/04,https://tradingeconomics.com/indonesia/stock-market,2026-09-05T12:26:01.152251,
stock,Asia,TASI,TASI,Index Points,11033.0,20.7305,0.19,-1.8244,1.6096,5.1686,3.5409,Sep/03,https://tradingeconomics.com/saudi-arabia/stock-market,2026-09-05T12:26:01.152331,
stock,Asia,TSI,TSI,Index Points,46551.0,693.47,1.51,0.4741,4.3476,60.7229,90.0467,Sep/04,https://tradingeconomics.com/taiwan/stock-market,2026-09-05T12:26:01.152404,
stock,Asia,ADX General,ADX General,Index Points,9977.0,49.97,0.5,-0.3006,-1.325,-0.1537,0.1704,Sep/04,https://tradingeconomics.com/united-arab-emirates/stock-market,2026-09-05T12:26:01.152478,
stock,Asia,SET 50,SET 50,Index Points,1072.0,8.05,0.76,0.499,-0.5319,28.2241,30.2677,Sep/04,https://tradingeconomics.com/thailand/stock-market,2026-09-05T12:26:01.152571,
stock,Asia,FKLCI,FKLCI,Index Points,1708.0,-7.0327,-0.41,-1.03,-2.2923,1.6662,7.7262,Sep/04,https://tradingeconomics.com/malaysia/stock-market,2026-09-05T12:26:01.152713,
stock,Asia,STI,STI,Index Points,5802.0,54.2511,0.94,1.7899,3.9523,24.8751,34.7074,Sep/04,https://tradingeconomics.com/singapore/stock-market,2026-09-05T12:26:01.152815,
stock,Asia,TA-125,TA-125,Index Points,4200.0,14.0499,0.34,2.8967,4.4008,14.6484,33.0808,Sep/04,https://tradingeconomics.com/israel/stock-market,2026-09-05T12:26:01.152924,
stock,Asia,HK50,HK50,Index Points,25651.0,437.56,1.74,0.2583,-1.0223,0.0793,0.9162,Sep/04,https://tradingeconomics.com/hong-kong/stock-market,2026-09-05T12:26:01.153029,
stock,Asia,PSEi,PSEi,Index Points,6091.0,21.18,0.35,2.2542,-3.1133,0.6225,-0.9518,Sep/04,https://tradingeconomics.com/philippines/stock-market,2026-09-05T12:26:01.153111,
stock,Asia,KSE 100,KSE 100,Index Points,175384.0,453.8325,0.26,-1.3017,-2.5728,0.7637,13.6808,Sep/04,https://tradingeconomics.com/pakistan/stock-market,2026-09-05T12:26:01.153186,
stock,Asia,KASE,KASE,Index Points,8112.0,44.58,0.55,-0.2442,3.018,15.3674,14.6499,Sep/04,https://tradingeconomics.com/kazakhstan/stock-market,2026-09-05T12:26:01.153263,
stock,Asia,QE,QE,Index Points,9764.0,12.8301,0.13,-1.1356,-3.2543,-9.2764,-12.0285,Sep/03,https://tradingeconomics.com/qatar/stock-market,2026-09-05T12:26:01.153339,
stock,Asia,HNX,HNX,Index Points,282.53,0.29,0.1,-0.7866,-3.7672,13.5708,0.6627,Sep/04,https://tradingeconomics.com/vhindex:ind,2026-09-05T12:26:01.153422,
stock,Asia,VN,VN,Index Points,1853.0,25.36,1.39,1.144,4.3131,3.8437,11.1646,Sep/04,https://tradingeconomics.com/vietnam/stock-market,2026-09-05T12:26:01.153526,
stock,Asia,MSM 30,MSM 30,Index Points,7628.0,21.22,0.28,0.6652,4.0009,30.0242,48.8499,Sep/03,https://tradingeconomics.com/oman/stock-market,2026-09-05T12:26:01.153665,
stock,Asia,ASPI,ASPI,Index Points,21620.0,225.33,1.05,1.4287,2.1425,-4.4371,3.4182,Sep/04,https://tradingeconomics.com/sri-lanka/stock-market,2026-09-05T12:26:01.153784,
stock,Asia,Blom,Blom,Index Points,1705.0,-23.64,-1.37,-3.9653,-3.7561,-13.2731,-9.7627,Sep/04,https://tradingeconomics.com/lebanon/stock-market,2026-09-05T12:26:01.153875,
stock,Asia,ASE,ASE,Index Points,4061.0,23.3301,0.58,1.3099,1.8603,12.4493,36.5701,Sep/03,https://tradingeconomics.com/jordan/stock-market,2026-09-05T12:26:01.153959,
stock,Asia,LSX Composite,LSX Composite,Index Points,1454.0,33.91,2.39,7.1729,9.4336,16.5588,3.9577,Sep/04,https://tradingeconomics.com/laos/stock-market,2026-09-05T12:26:01.154041,
stock,Asia,MSE 20,MSE 20,Index Points,63412.0,745.13,1.19,9.5924,15.4037,16.399,29.4652,Sep/04,https://tradingeconomics.com/mongolia/stock-market,2026-09-05T12:26:01.154127,
stock,Asia,DFM General,DFM General,Index Points,5844.0,28.5698,0.49,-0.665,-2.3815,-3.3666,-2.4327,Sep/03,https://tradingeconomics.com/dfmgi:ind,2026-09-05T12:26:01.154212,
stock,Asia,Kuwait All Share,Kuwait All Share,Index Points,8847.93,-18.7207,-0.21,-0.7189,0.0095,-0.6699,4.0388,Sep/03,https://tradingeconomics.com/kuwait/stock-market,2026-09-05T12:26:01.154292,
stock,Asia,JPVIX,JPVIX,Index Points,27.19,-1.13,-3.99,16.9462,-17.7805,14.3879,11.801,Sep/04,https://tradingeconomics.com/vxj:ind,2026-09-05T12:26:01.154375,
stock,Asia,NIFTY 50,NIFTY 50,Index Points,23898.0,24.2508,0.1,-1.1497,-2.9521,-8.5417,-3.4085,Sep/04,https://tradingeconomics.com/nifty:ind,2026-09-05T12:26:01.154456,
stock,Asia,Estirad,Estirad,Index Points,1938.55,-0.106,-0.01,-0.1517,-0.9042,-6.1933,0.1099,Sep/03,https://tradingeconomics.com/bahrain/stock-market,2026-09-05T12:26:01.154549,
stock,Oceania,ASX All Share,ASX All Share,Index Points,9196.0,-2.2905,-0.02,-1.0571,-2.2261,1.9649,0.6071,Sep/04,https://tradingeconomics.com/as30:ind,2026-09-05T12:26:01.154879,
stock,Oceania,ASX200,ASX200,Index Points,9006.0,-14.1928,-0.16,-0.9501,-2.405,3.3461,1.518,Sep/04,https://tradingeconomics.com/australia/stock-market,2026-09-05T12:26:01.154968,
stock,Oceania,AU50,AU50,Index Points,8782.0,-14.6996,-0.17,-0.6999,-2.9667,5.2935,2.4451,Sep/04,https://tradingeconomics.com/as52:ind,2026-09-05T12:26:01.155048,
stock,Oceania,NZX 50,NZX 50,Index Points,13974.0,128.0,0.92,1.4962,-0.1643,3.1425,5.6766,Sep/04,https://tradingeconomics.com/new-zealand/stock-market,2026-09-05T12:26:01.155122,
stock,Africa,NSE All Share,NSE All Share,Index Points,246992.0,604.2213,0.25,2.3597,0.8494,58.7222,77.1892,Sep/04,https://tradingeconomics.com/nigeria/stock-market,2026-09-05T12:26:01.155406,
stock,Africa,SAALL,SAALL,Index Points,116726.0,37.9797,0.03,-1.2249,1.1351,0.7714,14.9642,Sep/04,https://tradingeconomics.com/south-africa/stock-market,2026-09-05T12:26:01.155482,
stock,Africa,SA40,SA40,Index Points,109270.0,-7.0597,-0.01,-1.2698,1.763,1.1967,16.0403,Sep/04,https://tradingeconomics.com/top40:ind,2026-09-05T12:26:01.155558,
stock,Africa,EGX 30,EGX 30,Index Points,56270.0,590.6016,1.06,2.4264,3.2451,34.5248,63.3135,Sep/03,https://tradingeconomics.com/egypt/stock-market,2026-09-05T12:26:01.155632,
stock,Africa,CFG 25,CFG 25,Index Points,18792.0,81.9395,0.44,-0.7332,2.5223,-0.287,-6.2284,Sep/04,https://tradingeconomics.com/morocco/stock-market,2026-09-05T12:26:01.155707,
stock,Africa,Nairobi 20,Nairobi 20,Index Points,4504.0,22.34,0.5,4.5259,8.1957,43.4921,51.7266,Sep/04,https://tradingeconomics.com/kenya/stock-market,2026-09-05T12:26:01.155788,
stock,Africa,Nairobi All Share,Nairobi All Share,Index Points,255.0,-0.04,-0.02,2.7861,8.9071,36.8314,43.2017,Sep/04,https://tradingeconomics.com/nseasi:ind,2026-09-05T12:26:01.155866,
stock,Africa,DSEI,DSEI,Index Points,4524.0,81.19,1.83,1.7849,7.9934,63.7916,76.7983,Sep/04,https://tradingeconomics.com/tanzania/stock-market,2026-09-05T12:26:01.155945,
stock,Africa,TUN,TUN,Index Points,19466.0,-139.4098,-0.71,0.0821,-3.4231,44.7318,62.4935,Sep/04,https://tradingeconomics.com/tunisia/stock-market,2026-09-05T12:26:01.156021,
stock,Africa,GGSECI,GGSECI,Index Points,14816.0,51.9,0.35,-1.3733,-2.6672,68.8943,106.4608,Sep/04,https://tradingeconomics.com/ghana/stock-market,2026-09-05T12:26:01.156103,
stock,Africa,SEMDEX,SEMDEX,Index Points,2296.0,0.22,0.01,0.2546,0.6714,-3.6128,-5.9632,Sep/04,https://tradingeconomics.com/mauritius/stock-market,2026-09-05T12:26:01.156180,
stock,Africa,USE All Share,USE All Share,Index Points,2356.33,4.51,0.19,1.3436,6.7749,45.2803,63.9072,Sep/02,https://tradingeconomics.com/uganda/stock-market,2026-09-05T12:26:01.156258,
stock,Africa,NSX Overall,NSX Overall,Index Points,2451.0,11.49,0.47,-1.0422,1.0406,14.4476,36.2764,Sep/04,https://tradingeconomics.com/namibia/stock-market,2026-09-05T12:26:01.156332,
stock,Africa,Gaborone,Gaborone,Index Points,11236.0,0.0,0.0,0.0,0.266,1.8659,6.32,Sep/04,https://tradingeconomics.com/botswana/stock-market,2026-09-05T12:26:01.156410,
stock,Africa,ZSI Industrials,ZSI Industrials,Index Points,457.49,-20.16,-4.22,-2.4271,-3.2525,70.0138,119.5671,Sep/03,https://tradingeconomics.com/zimbabwe/stock-market,2026-09-05T12:26:01.156488,
commodity,Energy,Crude Oil,Crude Oil,USD/Bbl,91.48,0.18,0.2,9.6882,21.6166,59.3173,47.8584,Sep/04,https://tradingeconomics.com/commodity/crude-oil,2026-09-05T12:26:01.736753,
commodity,Energy,Brent,Brent,USD/Bbl,96.28,0.76,0.8,9.2849,21.1831,58.2251,46.9924,Sep/04,https://tradingeconomics.com/commodity/brent-crude-oil,2026-09-05T12:26:01.736854,
commodity,Energy,Natural gas,Natural gas,USD/MMBtu,2.975,0.062,2.13,3.0125,10.6771,-19.2892,-2.395,Sep/04,https://tradingeconomics.com/commodity/natural-gas,2026-09-05T12:26:01.736934,
commodity,Energy,Gasoline,Gasoline,USD/Gal,3.2146,0.0797,2.54,5.3898,13.238,87.8894,63.4598,Sep/04,https://tradingeconomics.com/commodity/gasoline,2026-09-05T12:26:01.737007,
commodity,Energy,Heating Oil,Heating Oil,USD/Gal,4.5402,-0.0534,-1.16,6.8534,19.5985,114.009,98.5221,Sep/04,https://tradingeconomics.com/commodity/heating-oil,2026-09-05T12:26:01.737084,
commodity,Energy,Coal,Coal,USD/T,148.65,1.65,1.12,6.3685,15.4115,38.2791,38.2148,Sep/04,https://tradingeconomics.com/commodity/coal,2026-09-05T12:26:01.737159,
commodity,Energy,EU Gas,EU Gas,EUR/MWh,71.96,0.145,0.2,7.4276,37.3056,155.5129,125.0774,Sep/04,https://tradingeconomics.com/commodity/eu-natural-gas,2026-09-05T12:26:01.737230,
commodity,Energy,UK Gas,UK Gas,GBp/thm,178.81,0.82,0.46,8.488,39.6517,142.2571,129.5673,Sep/04,https://tradingeconomics.com/commodity/uk-natural-gas,2026-09-05T12:26:01.737307,
commodity,Energy,Ethanol,Ethanol,USD/Gal,2.08,-0.0175,-0.83,1.4634,7.6326,31.0236,6.1224,Sep/04,https://tradingeconomics.com/commodity/ethanol,2026-09-05T12:26:01.737379,
commodity,Energy,Naphtha,Naphtha,USD/T,788.59,5.606,0.72,6.7259,17.9167,61.4736,42.6919,Sep/04,https://tradingeconomics.com/commodity/naphtha,2026-09-05T12:26:01.737454,
commodity,Energy,Propane,Propane,USD/Gal,0.8,-0.0055,-0.69,9.7706,18.2715,25.3585,14.6263,Sep/04,https://tradingeconomics.com/commodity/propane,2026-09-05T12:26:01.737530,
commodity,Energy,Uranium,Uranium,USD/Lbs,89.5,0.0,0.0,-0.9956,3.708,9.6142,16.6884,Sep/03,https://tradingeconomics.com/commodity/uranium,2026-09-05T12:26:01.737601,
commodity,Energy,Methanol,Methanol,CNY/T,3293.0,28.0,0.86,13.6693,31.72,50.3653,45.708,Sep/04,https://tradingeconomics.com/commodity/methanol,2026-09-05T12:26:01.737675,
commodity,Energy,Coking Coal,Coking Coal,USD/T,275.0,1.0,0.37,-2.4823,27.6102,25.8581,45.8886,Sep/04,https://tradingeconomics.com/commodity/coking-coal,2026-09-05T12:26:01.737747,
commodity,Energy,LNG JKM,LNG JKM,USD/MMBTU,24.09,0.33,1.39,2.9047,13.7662,150.8069,114.2285,Sep/03,https://tradingeconomics.com/commodity/liquefied-natural-gas-japan-korea,2026-09-05T12:26:01.737818,
commodity,Energy,German Gas,German Gas,EUR/MWh,73.2,0.202,0.28,7.6064,36.5088,143.9785,116.0194,Sep/04,https://tradingeconomics.com/commodity/germany-natural-gas-the,2026-09-05T12:26:01.737889,
commodity,Energy,Urals Oil,Urals Oil,USD/Bbl,86.7,1.85,2.18,12.4514,15.2006,71.8874,40.6098,Sep/03,https://tradingeconomics.com/commodity/urals-oil,2026-09-05T12:26:01.737957,
commodity,Metals,Gold,Gold,USD/t.oz,4432.56,-41.07,-0.92,-0.459,4.3594,2.6098,23.3837,Sep/04,https://tradingeconomics.com/commodity/gold,2026-09-05T12:26:01.738226,
commodity,Metals,Silver,Silver,USD/t.oz,65.99,-0.9738,-1.45,-0.2455,6.4001,-7.3958,61.1084,Sep/04,https://tradingeconomics.com/commodity/silver,2026-09-05T12:26:01.738298,
commodity,Metals,Copper,Copper,USD/Lbs,6.597,0.02,0.3,0.5334,-1.5814,16.1035,47.574,Sep/04,https://tradingeconomics.com/commodity/copper,2026-09-05T12:26:01.738368,
commodity,Metals,Steel,Steel,CNY/T,3131.0,16.0,0.51,0.0319,4.1237,1.1305,2.4207,Sep/04,https://tradingeconomics.com/commodity/steel,2026-09-05T12:26:01.738442,
commodity,Metals,Lithium,Lithium,CNY/T,152000.0,-4000.0,-2.56,-0.6536,8.3779,28.27,102.6869,Sep/04,https://tradingeconomics.com/commodity/lithium,2026-09-05T12:26:01.738513,
commodity,Metals,Iron Ore CNY,Iron Ore CNY,CNY/T,727.0,0.5,0.07,0.5533,2.9745,-7.9164,-7.9164,Sep/04,https://tradingeconomics.com/commodity/iron-ore-cny,2026-09-05T12:26:01.738582,
commodity,Metals,Platinum,Platinum,USD/t.oz,1826.0,-8.0,-0.44,-1.5262,4.528,-11.7874,32.6456,Sep/04,https://tradingeconomics.com/commodity/platinum,2026-09-05T12:26:01.738651,
commodity,Metals,Scrap Aluminum,Scrap Aluminum,USD/T,2559.57,14.33,0.56,3.2918,5.9306,6.5138,20.9375,Sep/03,https://tradingeconomics.com/commodity/scrap-aluminum,2026-09-05T12:26:01.738718,
commodity,Metals,Iron Ore,Iron Ore,USD/T,99.57,0.15,0.15,3.8919,6.027,-7.0568,-4.7086,Sep/04,https://tradingeconomics.com/commodity/iron-ore,2026-09-05T12:26:01.738786,
commodity,Metals,Silicon,Silicon,CNY/T,8780.0,95.0,1.09,1.0938,4.8984,0.057,3.4767,Sep/04,https://tradingeconomics.com/commodity/silicon,2026-09-05T12:26:01.738863,
commodity,Metals,Scrap Steel,Scrap Steel,USD/T,394.0,0.0,0.0,3.1414,3.6842,7.7975,14.3687,Sep/03,https://tradingeconomics.com/commodity/scrap-steel,2026-09-05T12:26:01.738934,
commodity,Metals,Titanium,Titanium,CNY/KG,43.5,0.0,0.0,-2.2472,-2.2472,-5.4348,-11.2426,Sep/04,https://tradingeconomics.com/commodity/titanium,2026-09-05T12:26:01.739002,
commodity,Metals,HRC Steel,HRC Steel,USD/T,1238.0,3.0,0.24,4.0336,3.772,32.4064,54.9437,Sep/04,https://tradingeconomics.com/commodity/hrc-steel,2026-09-05T12:26:01.739070,
commodity,Metals,Aluminum Alloy,Aluminum Alloy,CNY/T,23615.0,5.0,0.02,1.1782,0.7896,8.475,16.4448,Sep/04,https://tradingeconomics.com/commodity/aluminum-alloy,2026-09-05T12:26:01.739144,
commodity,Metals,Cobalt Hydroxide,Cobalt Hydroxide,USD/MT,41975.96,-617.3,-1.45,-9.8357,-15.9401,-26.9909,32.0388,Sep/03,https://tradingeconomics.com/commodity/cobalt-hydroxide,2026-09-05T12:26:01.739212,
commodity,Agricultural,Soybeans,Soybeans,USd/Bu,1293.75,-12.5,-0.96,1.3712,12.3535,25.5459,28.5395,Sep/04,https://tradingeconomics.com/commodity/soybeans,2026-09-05T12:26:01.739526,
commodity,Agricultural,Wheat,Wheat,USd/Bu,716.0,-20.0,-2.72,-6.6493,11.4831,41.2229,42.9142,Sep/04,https://tradingeconomics.com/commodity/wheat,2026-09-05T12:26:01.739597,
commodity,Agricultural,Lumber,Lumber,USD/1000 board feet,568.5,-5.5,-0.96,0.1762,-1.8982,5.571,6.2617,Sep/04,https://tradingeconomics.com/commodity/lumber,2026-09-05T12:26:01.739666,
commodity,Agricultural,Palm Oil,Palm Oil,MYR/T,4929.0,25.0,0.51,6.5039,4.8277,21.7037,10.7889,Sep/04,https://tradingeconomics.com/commodity/palm-oil,2026-09-05T12:26:01.739739,
commodity,Agricultural,Cheese,Cheese,USD/Lbs,1.578,-0.027,-1.68,-2.7726,-3.4862,8.9779,-12.8177,Sep/04,https://tradingeconomics.com/commodity/cheese,2026-09-05T12:26:01.739807,
commodity,Agricultural,Milk,Milk,USD/CWT,16.18,-0.15,-0.92,-2.8812,-3.403,6.3075,-8.2766,Sep/04,https://tradingeconomics.com/commodity/milk,2026-09-05T12:26:01.739876,
commodity,Agricultural,Rubber,Rubber,USD Cents / Kg,232.7,-0.1,-0.04,-2.636,7.2845,29.3496,32.9714,Sep/04,https://tradingeconomics.com/commodity/rubber,2026-09-05T12:26:01.739950,
commodity,Agricultural,Orange Juice,Orange Juice,USd/Lbs,156.15,0.4,0.26,7.6897,-0.9829,-23.9035,-32.6649,Sep/04,https://tradingeconomics.com/commodity/orange-juice,2026-09-05T12:26:01.740020,
commodity,Agricultural,Coffee,Coffee,USd/Lbs,295.6,0.25,0.08,-5.5138,-5.0891,-15.2401,-23.3402,Sep/04,https://tradingeconomics.com/commodity/coffee,2026-09-05T12:26:01.740091,
commodity,Agricultural,Cotton,Cotton,USd/Lbs,86.33,-0.12,-0.14,-5.5264,3.987,34.3239,33.9794,Sep/04,https://tradingeconomics.com/commodity/cotton,2026-09-05T12:26:01.740168,
commodity,Agricultural,Rice,Rice,USD/cwt,15.38,0.145,0.95,2.1588,9.4273,60.2918,32.8152,Sep/04,https://tradingeconomics.com/commodity/rice,2026-09-05T12:26:01.740237,
commodity,Agricultural,Canola,Canola,CAD/T,822.5,-6.2,-0.75,-0.1457,7.376,39.5487,33.3495,Sep/04,https://tradingeconomics.com/commodity/canola,2026-09-05T12:26:01.740305,
commodity,Agricultural,Oat,Oat,USd/Bu,343.5,1.0,0.29,-1.5054,8.5308,13.5537,15.3652,Sep/04,https://tradingeconomics.com/commodity/oat,2026-09-05T12:26:01.740377,
commodity,Agricultural,Wool,Wool,AUD/100Kg,1890.0,0.0,0.0,1.9968,0.9076,22.6476,46.3981,Sep/04,https://tradingeconomics.com/commodity/wool,2026-09-05T12:26:01.740451,
commodity,Agricultural,Sugar,Sugar,USd/Lbs,18.07,0.0,0.0,2.9043,19.2739,20.3864,16.2058,Sep/04,https://tradingeconomics.com/commodity/sugar,2026-09-05T12:26:01.740519,
commodity,Agricultural,Cocoa,Cocoa,USD/T,6188.0,14.0,0.23,-6.9194,5.2023,2.028,-16.1745,Sep/04,https://tradingeconomics.com/commodity/cocoa,2026-09-05T12:26:01.740587,
commodity,Agricultural,Tea,Tea,INR/Kgs,205.74,1.95,0.96,0.9569,-2.3309,12.2545,9.5877,Aug/29,https://tradingeconomics.com/commodity/tea,2026-09-05T12:26:01.740655,
commodity,Agricultural,Sunflower Oil,Sunflower Oil,INR/10 kg,1663.9,-4.2,-0.25,-0.6627,-0.168,15.3803,22.7246,Sep/04,https://tradingeconomics.com/commodity/sunflower-oil,2026-09-05T12:26:01.740724,
commodity,Agricultural,Rapeseed,Rapeseed,EUR/T,552.0,0.5,0.09,1.0526,5.4441,21.7871,19.6748,Sep/04,https://tradingeconomics.com/commodity/rapeseed-oil,2026-09-05T12:26:01.740799,
commodity,Agricultural,Barley,Barley,INR/T,2148.5,0.0,0.0,0.0,-5.8089,-6.2814,-8.0856,Sep/04,https://tradingeconomics.com/commodity/barley,2026-09-05T12:26:01.740867,
commodity,Agricultural,Butter,Butter,EUR/T,4193.0,-226.0,-5.11,-5.7753,-1.3412,1.0361,-30.3488,Sep/04,https://tradingeconomics.com/commodity/butter,2026-09-05T12:26:01.740936,
commodity,Agricultural,Corn,Corn,USd/BU,512.0,-3.25,-0.63,0.0,17.2295,16.2976,28.3208,Sep/04,https://tradingeconomics.com/commodity/corn,2026-09-05T12:26:01.741005,
commodity,Industrial,Bitumen,Bitumen,CNY/T,4748.0,-31.0,-0.65,2.9935,23.0052,56.39,39.8115,Sep/04,https://tradingeconomics.com/commodity/bitumen,2026-09-05T12:26:01.741370,
commodity,Industrial,Cobalt,Cobalt,USD/T,50665.0,-5625.0,-9.99,-9.9929,-9.9929,-5.0417,51.9874,Sep/03,https://tradingeconomics.com/commodity/cobalt,2026-09-05T12:26:01.741439,
commodity,Industrial,Lead,Lead,USD/T,1907.63,2.45,0.13,-0.0052,0.8592,-4.8649,-3.9524,Sep/04,https://tradingeconomics.com/commodity/lead,2026-09-05T12:26:01.741508,
commodity,Industrial,Aluminum,Aluminum,USD/T,3292.5,-27.0,-0.81,1.4497,1.3186,9.8984,26.3358,Sep/04,https://tradingeconomics.com/commodity/aluminum,2026-09-05T12:26:01.741578,
commodity,Industrial,Tin,Tin,USD/T,54952.0,720.0,1.33,-0.7262,-1.8521,35.4966,59.023,Sep/03,https://tradingeconomics.com/commodity/tin,2026-09-05T12:26:01.741646,
commodity,Industrial,Zinc,Zinc,USD/T,3927.75,35.8501,0.92,1.8132,5.327,25.8209,37.1613,Sep/04,https://tradingeconomics.com/commodity/zinc,2026-09-05T12:26:01.741715,
commodity,Industrial,Nickel,Nickel,USD/T,16835.0,-70.0,-0.41,0.3876,-1.7795,0.5075,10.1767,Sep/04,https://tradingeconomics.com/commodity/nickel,2026-09-05T12:26:01.741787,
commodity,Industrial,Molybdenum,Molybdenum,CNY/Kg,617.5,0.0,0.0,0.0,0.0,36.4641,17.6078,Sep/04,https://tradingeconomics.com/commodity/molybden,2026-09-05T12:26:01.741855,
commodity,Industrial,Palladium,Palladium,USD/t.oz,1404.0,-36.0,-2.5,-2.9717,2.4818,-14.9864,26.8866,Sep/04,https://tradingeconomics.com/commodity/palladium,2026-09-05T12:26:01.741926,
commodity,Industrial,Rhodium,Rhodium,USD/t oz.,9400.0,0.0,0.0,6.2147,10.2639,2.4523,31.4685,Sep/04,https://tradingeconomics.com/commodity/rhodium,2026-09-05T12:26:01.741996,
commodity,Industrial,Phosphorus,Phosphorus,CNY/T,1021.0,1.0,0.1,0.098,-0.4873,-0.3902,-0.4106,Sep/04,https://tradingeconomics.com/commodity/phosphorus,2026-09-05T12:26:01.742066,
commodity,Industrial,Polyethylene,Polyethylene,CNY/T,8312.0,0.0,0.0,8.5259,8.9241,31.9365,15.2204,Sep/04,https://tradingeconomics.com/commodity/polyethylene,2026-09-05T12:26:01.742135,
commodity,Industrial,Polyvinyl,Polyvinyl,CNY/T,4890.0,0.0,0.0,8.1858,9.6904,7.8756,2.2799,Sep/04,https://tradingeconomics.com/commodity/polyvinyl,2026-09-05T12:26:01.742211,
commodity,Industrial,Polypropylene,Polypropylene,CNY/T,8521.0,-64.0,-0.75,7.3985,0.9717,36.664,23.7259,Sep/04,https://tradingeconomics.com/commodity/polypropylene,2026-09-05T12:26:01.742279,
commodity,Industrial,Synthetic Rubber,Synthetic Rubber,CNY/T,15508.33,58.33,0.38,5.2006,15.7338,33.9813,24.0666,Sep/04,https://tradingeconomics.com/commodity/synthetic-rubber,2026-09-05T12:26:01.742348,
commodity,Industrial,Soda Ash,Soda Ash,CNY/T,1050.0,0.0,0.0,1.9417,1.9417,-16.0,-11.4671,Sep/04,https://tradingeconomics.com/commodity/soda-ash,2026-09-05T12:26:01.742417,
commodity,Industrial,Neodymium,Neodymium,CNY/T,955000.0,0.0,0.0,0.0,-2.0513,26.9103,21.6804,Sep/04,https://tradingeconomics.com/commodity/neodymium,2026-09-05T12:26:01.742490,
commodity,Industrial,Styrene,Styrene,CNY/MT,9920.0,50.0,0.51,9.7345,14.023,46.7456,32.514,Sep/04,https://tradingeconomics.com/commodity/styrene,2026-09-05T12:26:01.742559,
commodity,Industrial,Sulfur,Sulfur,CNY/T,8639.0,36.67,0.43,-1.4825,-5.7803,135.9738,224.2466,Sep/04,https://tradingeconomics.com/commodity/sulfur,2026-09-05T12:26:01.742627,
commodity,Industrial,Tellurium,Tellurium,CNY/Kg,797.5,0.0,0.0,0.0,-1.8462,9.2466,36.3388,Sep/04,https://tradingeconomics.com/commodity/tellurium,2026-09-05T12:26:01.742696,
commodity,Industrial,Urea,Urea,USD/T,443.0,-0.25,-0.06,3.5047,13.5897,14.6184,13.1545,Sep/04,https://tradingeconomics.com/commodity/urea,2026-09-05T12:26:01.742764,
commodity,Industrial,Di-ammonium,Di-ammonium,USD/T,792.5,0.0,0.0,0.3165,0.0,26.8,4.2763,Sep/04,https://tradingeconomics.com/commodity/di-ammonium,2026-09-05T12:26:01.742833,
commodity,Industrial,Magnesium,Magnesium,CNY/T,17100.0,0.0,0.0,1.7857,1.1834,2.7027,-5.0,Sep/04,https://tradingeconomics.com/commodity/magnesium,2026-09-05T12:26:01.742906,
commodity,Industrial,Gallium,Gallium,CNY/Kg,1785.0,0.0,0.0,0.0,-2.1918,8.1818,11.215,Sep/04,https://tradingeconomics.com/commodity/gallium,2026-09-05T12:26:01.742976,
commodity,Industrial,Germanium,Germanium,CNY/Kg,26000.0,0.0,0.0,1.9608,9.4737,92.5926,80.5375,Sep/04,https://tradingeconomics.com/commodity/germanium,2026-09-05T12:26:01.743045,
commodity,Industrial,Manganese,Manganese,CNY/mtu,29.05,0.3,1.04,1.0435,1.0435,-3.9669,-2.0236,Sep/04,https://tradingeconomics.com/commodity/manganese,2026-09-05T12:26:01.743116,
commodity,Industrial,Indium,Indium,CNY/Kg,5340.0,0.0,0.0,-0.1869,-2.9091,89.0265,111.4851,Sep/04,https://tradingeconomics.com/commodity/indium,2026-09-05T12:26:01.743197,
commodity,Industrial,Kraft Pulp,Kraft Pulp,CNY/T,4836.0,6.0,0.12,1.7249,3.6434,-11.6874,-3.3573,Sep/04,https://tradingeconomics.com/commodity/kraft-pulp,2026-09-05T12:26:01.743269,
commodity,Livestock,Feeder Cattle,Feeder Cattle,USd/Lbs,324.825,-1.025,-0.31,1.2231,-8.0662,-7.2591,-9.727,Sep/04,https://tradingeconomics.com/commodity/feeder-cattle,2026-09-05T12:26:01.743487,
commodity,Livestock,Live Cattle,Live Cattle,USd/Lbs,212.95,-1.35,-0.63,0.5786,-9.0637,-8.0527,-9.7574,Sep/04,https://tradingeconomics.com/commodity/live-cattle,2026-09-05T12:26:01.743587,
commodity,Livestock,Lean Hogs,Lean Hogs,USd/Lbs,82.3,-1.15,-1.38,0.4884,-14.8033,-3.2902,-14.2932,Sep/04,https://tradingeconomics.com/commodity/lean-hogs,2026-09-05T12:26:01.743669,
commodity,Livestock,Beef,Beef,BRL/15KG,347.7,0.1,0.03,0.6805,-0.2439,8.9286,11.4066,Sep/04,https://tradingeconomics.com/commodity/beef,2026-09-05T12:26:01.743768,
commodity,Livestock,Poultry,Poultry,BRL/Kgs,7.61,0.07,0.93,4.3896,6.4336,-6.5111,5.9889,Sep/04,https://tradingeconomics.com/commodity/poultry,2026-09-05T12:26:01.743844,
commodity,Livestock,Eggs US,Eggs US,USD/Dozen,0.35,-0.0086,-2.38,-8.5062,-64.9548,-42.1545,-83.631,Sep/04,https://tradingeconomics.com/commodity/eggs-us,2026-09-05T12:26:01.743917,
commodity,Livestock,Eggs CH,Eggs CH,CNY/T,4062.0,280.0,7.4,7.7739,0.0,38.5875,35.7167,Sep/04,https://tradingeconomics.com/commodity/eggs-ch,2026-09-05T12:26:01.743997,
commodity,Livestock,Salmon,Salmon,NOK/KG,72.94,-2.09,-2.79,-2.7856,0.2061,-3.8619,12.0602,Aug/28,https://tradingeconomics.com/commodity/salmon,2026-09-05T12:26:01.744068,
commodity,Index,CRB Index,CRB Index,Index Points,535.54,-0.1201,-0.02,2.9219,11.9333,42.9984,44.0303,Sep/03,https://tradingeconomics.com/commodity/crb,2026-09-05T12:26:01.744338,
commodity,Index,SSE Commodity Index,SSE Commodity Index,Index Points,7111.75,34.7578,0.49,-0.8106,-2.5523,-11.2364,-20.6327,Sep/04,https://tradingeconomics.com/commodity/consume-commodity-index,2026-09-05T12:26:01.744409,
commodity,Index,GSCI,GSCI,Index Points,735.75,-0.0005,0.0,4.2673,12.3149,34.1344,35.4255,Sep/04,https://tradingeconomics.com/commodity/gsci,2026-09-05T12:26:01.744478,
commodity,Index,Containerized Freight Index,Containerized Freight Index,Points,3509.54,0.0,0.0,0.0,9.4688,111.8875,142.9694,Sep/04,https://tradingeconomics.com/commodity/containerized-freight-index,2026-09-05T12:26:01.744548,
commodity,Index,TE Crack Spread Index,TE Crack Spread Index,Index Points,62.01,1.02,1.67,0.8457,8.0125,207.1322,145.9738,Sep/04,https://tradingeconomics.com/commodity/te-crack-spread-index,2026-09-05T12:26:01.744618,
commodity,Index,TE Grains Index,TE Grains Index,Index Points,290.6,0.53,0.18,-1.0824,12.8588,29.2302,31.7316,Sep/04,https://tradingeconomics.com/commodity/te-grains-index,2026-09-05T12:26:01.744686,
commodity,Index,TE Metals Index,TE Metals Index,Index Points,7047.34,-3.69,-0.05,0.7925,-0.6871,12.2688,32.3996,Sep/04,https://tradingeconomics.com/commodity/te-metals-index,2026-09-05T12:26:01.744760,
commodity,Index,TE Soft Index,TE Soft Index,Index Points,50.26,-0.05,-0.1,-3.7902,3.6502,2.4669,-5.933,Sep/04,https://tradingeconomics.com/commodity/te-soft-index,2026-09-05T12:26:01.744829,
commodity,Index,EU Carbon Permits,EU Carbon Permits,EUR,84.18,0.65,0.78,1.7527,3.8106,-3.6511,10.7049,Sep/04,https://tradingeconomics.com/commodity/carbon,2026-09-05T12:26:01.744897,
commodity,Index,Wind Energy Index,Wind Energy Index,USD,23.67,0.06,0.25,-0.6714,0.9382,15.7457,26.7131,Sep/04,https://tradingeconomics.com/commodity/wind,2026-09-05T12:26:01.744970,
commodity,Index,Nuclear Energy Index,Nuclear Energy Index,USD,46.04,0.49,1.08,0.744,7.1695,6.9951,13.176,Sep/04,https://tradingeconomics.com/commodity/nuclear,2026-09-05T12:26:01.745040,
commodity,Index,Solar Energy Index,Solar Energy Index,USD,47.76,0.16,0.34,-1.0771,-5.9843,-2.6498,7.8104,Sep/04,https://tradingeconomics.com/commodity/solar,2026-09-05T12:26:01.745109,
commodity,Electricity,United Kingdom,United Kingdom,GBP/MWh,140.07,-1.49,-1.05,5.2367,20.75,70.9422,87.0343,Sep/03,https://tradingeconomics.com/united-kingdom/electricity-price,2026-09-05T12:26:01.745269,
commodity,Electricity,Germany,Germany,EUR/MWh,140.89,-4.44,-3.06,2.1831,18.4547,44.133,62.954,Sep/04,https://tradingeconomics.com/germany/electricity-price,2026-09-05T12:26:01.745337,
commodity,Electricity,France,France,EUR/MWh,79.16,0.17,0.22,15.1418,31.103,56.2883,32.264,Sep/04,https://tradingeconomics.com/france/electricity-price,2026-09-05T12:26:01.745405,
commodity,Electricity,Italy,Italy,EUR/MWh,211.17,-1.2879,-0.61,2.7511,1.6025,92.2097,90.0424,Sep/04,https://tradingeconomics.com/italy/electricity-price,2026-09-05T12:26:01.745474,
commodity,Electricity,Spain,Spain,EUR/MWh,169.5,13.51,8.66,63.3263,42.5448,73.2774,206.3991,Sep/04,https://tradingeconomics.com/spain/electricity-price,2026-09-05T12:26:01.745543,
crypto,Crypto,Bitcoin,Bitcoin,USD,79675.0,-1.37,0.0,1.8409,23.9727,-8.9384,-27.7106,Sep/05,https://tradingeconomics.com/btcusd:cur,2026-09-05T12:26:02.154535,"$1,597,203M"
crypto,Crypto,Ether,Ether,USD,2453.22,-3.2819,-0.13,-0.1671,28.9722,-17.3199,-42.6202,Sep/05,https://tradingeconomics.com/ethusd:cur,2026-09-05T12:26:02.154629,"$387,472M"
crypto,Crypto,Binance,Binance,USD,726.1,4.84,0.67,4.7947,22.6242,-16.0554,-15.7515,Sep/05,https://tradingeconomics.com/bnbusd:cur,2026-09-05T12:26:02.154707,"$96,243M"
crypto,Crypto,Cardano,Cardano,USD,0.21322,0.0018,0.86,5.7939,6.1732,-35.9305,-73.9487,Sep/05,https://tradingeconomics.com/adausd:cur,2026-09-05T12:26:02.154781,"$7,720M"
crypto,Crypto,Solana,Solana,USD,102.1912,0.2542,0.25,-3.2653,40.722,-17.8726,-48.9326,Sep/05,https://tradingeconomics.com/solusd:cur,2026-09-05T12:26:02.154855,"$59,572M"
crypto,Crypto,XRP,XRP,USD,1.40337,0.0044,0.32,0.475,35.7321,-23.7064,-50.0683,Sep/05,https://tradingeconomics.com/xrpusd:cur,2026-09-05T12:26:02.154925,"$87,581M"
crypto,Crypto,Polkadot,Polkadot,USD,0.91,0.0109,1.21,7.9249,11.407,-48.9099,-76.1281,Sep/05,https://tradingeconomics.com/dotusd:cur,2026-09-05T12:26:02.154998,"$1,513M"
crypto,Crypto,Avalanche,Avalanche,USD,7.45,0.065,0.88,1.5676,15.7755,-39.4228,-69.4506,Sep/05,https://tradingeconomics.com/avxusd:cur,2026-09-05T12:26:02.155068,"$3,192M"
crypto,Crypto,Polygon,Polygon,USD,0.09,-0.002,-2.1,-14.5105,23.2884,-8.0796,-66.8294,Sep/04,https://tradingeconomics.com/mtcusd:cur,2026-09-05T12:26:02.155137,$181M
crypto,Crypto,Cosmos,Cosmos,USD,1.55,0.0578,3.87,3.2943,14.8598,-19.4802,-64.8231,Sep/05,https://tradingeconomics.com/atmusd:cur,2026-09-05T12:26:02.155209,$811M
crypto,Crypto,Dai,Dai,USD,0.99994,0.0002,0.02,0.016,0.0711,0.022,0.014,Sep/05,https://tradingeconomics.com/daiusd:cur,2026-09-05T12:26:02.155280,"$4,611M"
crypto,Crypto,Litecoin,Litecoin,USD,53.68,2.8932,5.7,9.4859,18.1858,-30.086,-52.1483,Sep/05,https://tradingeconomics.com/ltcusd:cur,2026-09-05T12:26:02.155356,"$4,058M"
crypto,Crypto,Uniswap,Uniswap,USD,6.28,0.0969,1.57,34.057,56.5055,11.7082,-32.7704,Sep/05,https://tradingeconomics.com/uniusd:cur,2026-09-05T12:26:02.155428,"$3,911M"
crypto,Crypto,Algorand,Algorand,USD,0.09,0.0031,3.37,6.6811,7.2313,-15.4972,-58.9713,Sep/05,https://tradingeconomics.com/algusd:cur,2026-09-05T12:26:02.155499,$840M
crypto,Crypto,Bitcoin Cash,Bitcoin Cash,USD,250.82,2.63,1.06,1.4316,17.9941,-58.1094,-57.8744,Sep/05,https://tradingeconomics.com/bchusd:cur,2026-09-05T12:26:02.155568,"$4,972M"
crypto,Crypto,Stellar,Stellar,USD,0.18285,0.0034,1.87,1.7251,13.4592,-8.8934,-48.6374,Sep/05,https://tradingeconomics.com/xlmusd:cur,2026-09-05T12:26:02.155637,"$6,256M"
crypto,Crypto,Monero,Monero,USD,528.15,7.65,1.47,2.1448,42.8359,21.8209,98.3377,Sep/05,https://tradingeconomics.com/xmrusd:cur,2026-09-05T12:26:02.155707,"$10,046M"
crypto,Crypto,Chainlink,Chainlink,USD,11.7179,0.0798,0.69,2.2263,43.1359,-3.8269,-47.207,Sep/05,https://tradingeconomics.com/lnkusd:cur,2026-09-05T12:26:02.155776,"$8,716M"
crypto,Crypto,Tether,Tether,USD,1.0,-0.0001,-0.01,0.0181,0.1052,0.1633,-0.0039,Sep/05,https://tradingeconomics.com/ustusd:cur,2026-09-05T12:26:02.155844,"$183,401M"
crypto,Crypto,USD Coin,USD Coin,USD,1.0,0.0,0.0,-0.008,0.001,0.032,-0.012,Sep/05,https://tradingeconomics.com/uscusd:cur,2026-09-05T12:26:02.155913,"$74,196M"
crypto,Crypto,Sui,Sui,USD,0.78,0.0245,3.24,4.6577,15.9405,-44.4816,-76.6207,Sep/05,https://tradingeconomics.com/suiusd:cur,2026-09-05T12:26:02.155981,"$2,678M"
crypto,Crypto,Toncoin,Toncoin,USD,1.41,0.0166,1.19,-3.707,-8.0137,-14.9948,-53.9159,Sep/05,https://tradingeconomics.com/tonusd:cur,2026-09-05T12:26:02.156050,"$3,584M"
crypto,Crypto,Tron,Tron,USD,0.3328,0.0013,0.4,-2.3589,1.7239,16.9607,5.8019,Sep/05,https://tradingeconomics.com/trxusd:cur,2026-09-05T12:26:02.156133,"$31,419M"
crypto,Crypto,Ethena USDe,Ethena USDe,USD,1.0,0.0003,0.03,0.01,-0.07,0.04,-0.1199,Sep/05,https://tradingeconomics.com/enausd:cur,2026-09-05T12:26:02.156204,"$12,106M"
crypto,Crypto,Hedera,Hedera,USD,0.08,0.0013,1.69,5.4695,16.74,-25.0306,-62.8874,Sep/05,https://tradingeconomics.com/hbausd:cur,2026-09-05T12:26:02.156272,"$3,338M"
crypto,BTC,Bitcoin,Bitcoin,USD,79675.0,-1.37,0.0,1.8409,23.9727,-8.9384,-27.7106,Sep/05,https://tradingeconomics.com/btcusd:cur,2026-09-05T12:26:02.156597,
crypto,BTC,BTCETH,BTCETH,USD,32.135,-0.2659,-0.82,0.5016,-6.2717,8.9747,24.7272,Sep/04,https://tradingeconomics.com/btceth:cur,2026-09-05T12:26:02.156667,
crypto,BTC,BTCEUR,BTCEUR,USD,68704.6,-1195.957,-1.71,2.2841,22.8702,-7.8091,-27.294,Sep/04,https://tradingeconomics.com/btceur:cur,2026-09-05T12:26:02.156740,
crypto,BTC,BTCGBP,BTCGBP,USD,59065.5,-1018.3686,-1.69,2.7276,23.1413,-9.1376,-27.9331,Sep/04,https://tradingeconomics.com/btcgbp:cur,2026-09-05T12:26:02.156809,
crypto,BTC,BTCAUD,BTCAUD,USD,110762.6,-2096.5026,-1.86,1.9802,21.018,-15.5292,-34.4431,Sep/04,https://tradingeconomics.com/btcaud:cur,2026-09-05T12:26:02.156880,
crypto,BTC,BTCCAD,BTCCAD,USD,110308.7,-1795.9337,-1.6,1.9439,21.8623,-8.1149,-27.8822,Sep/04,https://tradingeconomics.com/btccad:cur,2026-09-05T12:26:02.156947,
crypto,BTC,BTCCNY,BTCCNY,USD,535017.0,-10900.5446,-2.0,2.1376,22.7239,-12.353,-32.1449,Sep/04,https://tradingeconomics.com/btccny:cur,2026-09-05T12:26:02.157012,
crypto,BTC,BTCJPY,BTCJPY,USD,12462200.0,-199514.353,-1.58,0.0471,22.2862,-9.1351,-23.5686,Sep/04,https://tradingeconomics.com/btcjpy:cur,2026-09-05T12:26:02.157082,
crypto,BTC,BTCNZD,BTCNZD,USD,135683.1,-2525.0593,-1.83,3.1088,23.6643,-10.7397,-27.8665,Sep/04,https://tradingeconomics.com/btcnzd:cur,2026-09-05T12:26:02.157150,
crypto,BTC,BTCCHF,BTCCHF,USD,64540.9,-1084.1913,-1.65,2.6541,23.7761,-6.9677,-26.9285,Sep/04,https://tradingeconomics.com/btcchf:cur,2026-09-05T12:26:02.157217,
crypto,BTC,BTCMXN,BTCMXN,USD,1346909.0,-28220.6044,-2.05,1.6029,20.9616,-14.5704,-34.8381,Sep/04,https://tradingeconomics.com/btcmxn:cur,2026-09-05T12:26:02.157284,
crypto,BTC,BTCINR,BTCINR,USD,7513055.0,-175239.7156,-2.28,1.1002,22.3142,-4.4549,-23.0249,Sep/04,https://tradingeconomics.com/btcinr:cur,2026-09-05T12:26:02.157351,
crypto,BTC,BTCBRL,BTCBRL,USD,408996.0,-6104.6615,-1.47,-1.3089,24.0973,-15.2687,-32.1655,Sep/04,https://tradingeconomics.com/btcbrl:cur,2026-09-05T12:26:02.157418,
crypto,BTC,BTCRUB,BTCRUB,USD,6781364.0,-260371.1265,-3.7,1.1464,29.6334,-1.5811,-24.5792,Sep/04,https://tradingeconomics.com/btcrub:cur,2026-09-05T12:26:02.157484,
crypto,BTC,BTCKRW,BTCKRW,USD,107303043.0,-2945420.145,-2.67,0.1444,16.849,-14.8716,-30.0617,Sep/04,https://tradingeconomics.com/btckrw:cur,2026-09-05T12:26:02.157550,
crypto,BTC,BTCIDR,BTCIDR,USD,1406455489.0,-25865163.504,-1.81,1.7816,21.7272,-3.7108,-22.4046,Sep/04,https://tradingeconomics.com/btcidr:cur,2026-09-05T12:26:02.157618,
crypto,BTC,BTCTRY,BTCTRY,USD,3863623.0,-63585.2024,-1.62,2.9276,25.7284,2.8124,-15.2702,Sep/04,https://tradingeconomics.com/btctry:cur,2026-09-05T12:26:02.157689,
crypto,BTC,BTCSAR,BTCSAR,USD,299524.0,-5635.2866,-1.85,2.5473,23.4485,-8.733,-27.8664,Sep/04,https://tradingeconomics.com/btcsar:cur,2026-09-05T12:26:02.157761,
crypto,BTC,BTCSEK,BTCSEK,USD,746709.0,-28751.8425,-3.71,-0.1198,21.848,-7.4205,-27.7459,Sep/04,https://tradingeconomics.com/btcsek:cur,2026-09-05T12:26:02.157829,
crypto,BTC,BTCNGN,BTCNGN,USD,105485159.0,-2373259.1932,-2.2,1.0428,19.8419,-16.6056,-37.6844,Sep/04,https://tradingeconomics.com/btcngn:cur,2026-09-05T12:26:02.157895,
crypto,BTC,BTCPLN,BTCPLN,USD,295991.0,-6041.0096,-2.0,1.5608,22.9926,-5.8657,-26.1234,Sep/04,https://tradingeconomics.com/btcpln:cur,2026-09-05T12:26:02.157962,
crypto,BTC,BTCARS,BTCARS,USD,122312409.0,-264056.8779,-0.22,0.7525,27.5919,-3.6746,-18.9141,Sep/04,https://tradingeconomics.com/btcars:cur,2026-09-05T12:26:02.158029,
crypto,BTC,BTCNOK,BTCNOK,USD,741918.0,-13339.7871,-1.77,1.7751,20.5137,-15.9527,-32.7424,Sep/04,https://tradingeconomics.com/btcnok:cur,2026-09-05T12:26:02.158098,
crypto,BTC,BTCTWD,BTCTWD,USD,2523581.0,-54978.1406,-2.13,2.4742,21.0253,-7.9934,-25.2155,Sep/04,https://tradingeconomics.com/btctwd:cur,2026-09-05T12:26:02.158180,
crypto,BTC,BTCIRR,BTCIRR,USD,111516410634.0,-192410298.0,-0.17,2.6752,27.7797,2930.9906,2274.1276,Sep/04,https://tradingeconomics.com/btcirr:cur,2026-09-05T12:26:02.158251,
crypto,ETH,Ether,Ether,USD,2453.22,-3.2819,-0.13,-0.1671,28.9722,-17.3199,-42.6202,Sep/05,https://tradingeconomics.com/ethusd:cur,2026-09-05T12:26:02.158574,
crypto,ETH,ETHBTC,ETHBTC,USD,0.0310572,0.0002,0.63,-0.6956,6.4806,-8.4168,-19.9834,Sep/04,https://tradingeconomics.com/ethbtc:cur,2026-09-05T12:26:02.158645,
crypto,ETH,ETHEUR,ETHEUR,USD,2112.93,-44.4353,-2.06,0.239,28.0368,-16.3935,-42.5452,Sep/04,https://tradingeconomics.com/etheur:cur,2026-09-05T12:26:02.158714,
crypto,ETH,ETHGBP,ETHGBP,USD,1816.49,-37.8987,-2.04,0.6737,28.3193,-17.5984,-43.0502,Sep/04,https://tradingeconomics.com/ethgbp:cur,2026-09-05T12:26:02.158782,
crypto,ETH,ETHAUD,ETHAUD,USD,3406.37,-76.835,-2.21,-0.0588,26.1067,-23.3948,-48.1946,Sep/04,https://tradingeconomics.com/ethaud:cur,2026-09-05T12:26:02.158849,
crypto,ETH,ETHCAD,ETHCAD,USD,3392.41,-67.5087,-1.95,-0.0943,26.9866,-16.6709,-43.01,Sep/04,https://tradingeconomics.com/ethcad:cur,2026-09-05T12:26:02.158916,
crypto,ETH,ETHCNY,ETHCNY,USD,16453.8,-395.0184,-2.34,0.0955,27.8844,-20.5144,-46.3785,Sep/04,https://tradingeconomics.com/ethcny:cur,2026-09-05T12:26:02.158982,
crypto,ETH,ETHJPY,ETHJPY,USD,383260.0,-7522.4515,-1.93,-1.9532,27.4283,-17.5961,-39.6012,Sep/04,https://tradingeconomics.com/ethjpy:cur,2026-09-05T12:26:02.159050,
crypto,ETH,ETHNZD,ETHNZD,USD,4172.77,-92.7908,-2.18,1.0473,28.8643,-19.0512,-42.9976,Sep/04,https://tradingeconomics.com/ethnzd:cur,2026-09-05T12:26:02.159116,
crypto,ETH,ETHCHF,ETHCHF,USD,1984.88,-40.5298,-2.0,0.6017,28.9808,-15.6305,-42.2563,Sep/04,https://tradingeconomics.com/ethchf:cur,2026-09-05T12:26:02.159182,
crypto,ETH,ETHMXN,ETHMXN,USD,41422.5,-1018.4858,-2.4,-0.4285,26.0479,-22.5253,-48.5067,Sep/04,https://tradingeconomics.com/ethmxn:cur,2026-09-05T12:26:02.159250,
crypto,ETH,ETHINR,ETHINR,USD,231307.0,-5979.6253,-2.52,-0.8133,27.5963,-13.2573,-39.1053,Sep/04,https://tradingeconomics.com/ethinr:cur,2026-09-05T12:26:02.159317,
crypto,ETH,ETHBRL,ETHBRL,USD,12578.2,-233.2006,-1.82,-2.9529,30.8485,-23.1586,-46.2514,Sep/04,https://tradingeconomics.com/ethbrl:cur,2026-09-05T12:26:02.159385,
crypto,ETH,ETHRUB,ETHRUB,USD,209636.0,-7695.6447,-3.54,-0.3612,35.7858,-10.2821,-40.0903,Sep/04,https://tradingeconomics.com/ethrub:cur,2026-09-05T12:26:02.159452,
crypto,ETH,ETHKRW,ETHKRW,USD,3299975.0,-102656.5272,-3.02,-1.8579,21.7624,-22.7984,-44.7323,Sep/04,https://tradingeconomics.com/ethkrw:cur,2026-09-05T12:26:02.159519,
crypto,ETH,ETHIDR,ETHIDR,USD,43253833.0,-952310.277,-2.15,-0.2534,26.8458,-12.6769,-38.6813,Sep/04,https://tradingeconomics.com/ethidr:cur,2026-09-05T12:26:02.159590,
crypto,ETH,ETHTRY,ETHTRY,USD,118821.0,-2385.5683,-1.97,0.8697,31.0152,-6.7611,-33.0435,Sep/04,https://tradingeconomics.com/ethtry:cur,2026-09-05T12:26:02.159658,
crypto,ETH,ETHSAR,ETHSAR,USD,9211.5,-206.7255,-2.2,0.4971,28.6395,-17.2314,-42.9975,Sep/04,https://tradingeconomics.com/ethsar:cur,2026-09-05T12:26:02.159725,
crypto,ETH,ETHSEK,ETHSEK,USD,22964.1,-969.1516,-4.05,-2.1168,26.9716,-16.0411,-42.9022,Sep/04,https://tradingeconomics.com/ethsek:cur,2026-09-05T12:26:02.159792,
crypto,ETH,ETHNGN,ETHNGN,USD,3244068.0,-84798.6684,-2.55,-0.9774,24.8812,-24.3709,-50.756,Sep/04,https://tradingeconomics.com/ethngn:cur,2026-09-05T12:26:02.159860,
crypto,ETH,ETHPLN,ETHPLN,USD,9102.8,-218.8605,-2.35,-0.4698,28.1643,-14.6311,-41.6201,Sep/04,https://tradingeconomics.com/ethpln:cur,2026-09-05T12:26:02.159926,
crypto,ETH,ETHARS,ETHARS,USD,3808588.0,25473.7529,0.67,0.3125,36.2149,-11.5521,-34.9486,Sep/04,https://tradingeconomics.com/ethars:cur,2026-09-05T12:26:02.159993,
crypto,ETH,ETHNOK,ETHNOK,USD,22816.8,-492.9599,-2.11,-0.2598,25.5812,-23.7789,-46.8507,Sep/04,https://tradingeconomics.com/ethnok:cur,2026-09-05T12:26:02.160063,
crypto,ETH,ETHTWD,ETHTWD,USD,77609.7,-1973.1732,-2.48,0.4253,26.1143,-16.5607,-40.9026,Sep/04,https://tradingeconomics.com/ethtwd:cur,2026-09-05T12:26:02.160158,
crypto,ETH,ETHIRR,ETHIRR,USD,3469022213.0,21319222.7475,0.62,0.6834,35.7245,2680.3916,1753.9582,Sep/04,https://tradingeconomics.com/ethirr:cur,2026-09-05T12:26:02.160235,
